subject,session,task,set_exists,fdt_exists,complete,set_filename,fdt_filename
sub-001,ses-premedita,restCE01,True,True,True,sub-001_ses-premedita_task-restCE01_eeg_preproc_preica.set,sub-001_ses-premedita_task-restCE01_eeg_preproc_preica.fdt
sub-001,ses-premedita,Medita,True,True,True,sub-001_ses-premedita_task-Medita_eeg_preproc_preica.set,sub-001_ses-premedita_task-Medita_eeg_preproc_preica.fdt
sub-001,ses-premedita,restCE02,True,True,True,sub-001_ses-premedita_task-restCE02_eeg_preproc_preica.set,sub-001_ses-premedita_task-restCE02_eeg_preproc_preica.fdt
sub-001,ses-premedita,slMedita,True,True,True,sub-001_ses-premedita_task-slMedita_eeg_preproc_preica.set,sub-001_ses-premedita_task-slMedita_eeg_preproc_preica.fdt
sub-002,ses-premedita,restCE01,True,True,True,sub-002_ses-premedita_task-restCE01_eeg_preproc_preica.set,sub-002_ses-premedita_task-restCE01_eeg_preproc_preica.fdt
sub-002,ses-premedita,Medita,True,True,True,sub-002_ses-premedita_task-Medita_eeg_preproc_preica.set,sub-002_ses-premedita_task-Medita_eeg_preproc_preica.fdt
sub-002,ses-premedita,restCE02,True,True,True,sub-002_ses-premedita_task-restCE02_eeg_preproc_preica.set,sub-002_ses-premedita_task-restCE02_eeg_preproc_preica.fdt
sub-002,ses-premedita,slMedita,True,True,True,sub-002_ses-premedita_task-slMedita_eeg_preproc_preica.set,sub-002_ses-premedita_task-slMedita_eeg_preproc_preica.fdt
sub-003,ses-premedita,restCE01,True,True,True,sub-003_ses-premedita_task-restCE01_eeg_preproc_preica.set,sub-003_ses-premedita_task-restCE01_eeg_preproc_preica.fdt
sub-003,ses-premedita,Medita,True,True,True,sub-003_ses-premedita_task-Medita_eeg_preproc_preica.set,sub-003_ses-premedita_task-Medita_eeg_preproc_preica.fdt
sub-003,ses-premedita,restCE02,True,True,True,sub-003_ses-premedita_task-restCE02_eeg_preproc_preica.set,sub-003_ses-premedita_task-restCE02_eeg_preproc_preica.fdt
sub-003,ses-premedita,slMedita,True,True,True,sub-003_ses-premedita_task-slMedita_eeg_preproc_preica.set,sub-003_ses-premedita_task-slMedita_eeg_preproc_preica.fdt
sub-004,ses-premedita,restCE01,True,True,True,sub-004_ses-premedita_task-restCE01_eeg_preproc_preica.set,sub-004_ses-premedita_task-restCE01_eeg_preproc_preica.fdt
sub-004,ses-premedita,Medita,True,True,True,sub-004_ses-premedita_task-Medita_eeg_preproc_preica.set,sub-004_ses-premedita_task-Medita_eeg_preproc_preica.fdt
sub-004,ses-premedita,restCE02,True,True,True,sub-004_ses-premedita_task-restCE02_eeg_preproc_preica.set,sub-004_ses-premedita_task-restCE02_eeg_preproc_preica.fdt
sub-004,ses-premedita,slMedita,True,True,True,sub-004_ses-premedita_task-slMedita_eeg_preproc_preica.set,sub-004_ses-premedita_task-slMedita_eeg_preproc_preica.fdt
sub-005,ses-premedita,restCE01,True,True,True,sub-005_ses-premedita_task-restCE01_eeg_preproc_preica.set,sub-005_ses-premedita_task-restCE01_eeg_preproc_preica.fdt
sub-005,ses-premedita,Medita,True,True,True,sub-005_ses-premedita_task-Medita_eeg_preproc_preica.set,sub-005_ses-premedita_task-Medita_eeg_preproc_preica.fdt
sub-005,ses-premedita,restCE02,True,True,True,sub-005_ses-premedita_task-restCE02_eeg_preproc_preica.set,sub-005_ses-premedita_task-restCE02_eeg_preproc_preica.fdt
sub-005,ses-premedita,slMedita,True,True,True,sub-005_ses-premedita_task-slMedita_eeg_preproc_preica.set,sub-005_ses-premedita_task-slMedita_eeg_preproc_preica.fdt
sub-006,ses-premedita,restCE01,True,True,True,sub-006_ses-premedita_task-restCE01_eeg_preproc_preica.set,sub-006_ses-premedita_task-restCE01_eeg_preproc_preica.fdt
sub-006,ses-premedita,Medita,True,True,True,sub-006_ses-premedita_task-Medita_eeg_preproc_preica.set,sub-006_ses-premedita_task-Medita_eeg_preproc_preica.fdt
sub-006,ses-premedita,restCE02,True,True,True,sub-006_ses-premedita_task-restCE02_eeg_preproc_preica.set,sub-006_ses-premedita_task-restCE02_eeg_preproc_preica.fdt
sub-006,ses-premedita,slMedita,True,True,True,sub-006_ses-premedita_task-slMedita_eeg_preproc_preica.set,sub-006_ses-premedita_task-slMedita_eeg_preproc_preica.fdt
sub-007,ses-premedita,restCE01,True,True,True,sub-007_ses-premedita_task-restCE01_eeg_preproc_preica.set,sub-007_ses-premedita_task-restCE01_eeg_preproc_preica.fdt
sub-007,ses-premedita,Medita,True,True,True,sub-007_ses-premedita_task-Medita_eeg_preproc_preica.set,sub-007_ses-premedita_task-Medita_eeg_preproc_preica.fdt
sub-007,ses-premedita,restCE02,True,True,True,sub-007_ses-premedita_task-restCE02_eeg_preproc_preica.set,sub-007_ses-premedita_task-restCE02_eeg_preproc_preica.fdt
sub-007,ses-premedita,slMedita,True,True,True,sub-007_ses-premedita_task-slMedita_eeg_preproc_preica.set,sub-007_ses-premedita_task-slMedita_eeg_preproc_preica.fdt
sub-008,ses-premedita,restCE01,True,True,True,sub-008_ses-premedita_task-restCE01_eeg_preproc_preica.set,sub-008_ses-premedita_task-restCE01_eeg_preproc_preica.fdt
sub-008,ses-premedita,Medita,True,True,True,sub-008_ses-premedita_task-Medita_eeg_preproc_preica.set,sub-008_ses-premedita_task-Medita_eeg_preproc_preica.fdt
sub-008,ses-premedita,restCE02,True,True,True,sub-008_ses-premedita_task-restCE02_eeg_preproc_preica.set,sub-008_ses-premedita_task-restCE02_eeg_preproc_preica.fdt
sub-008,ses-premedita,slMedita,True,True,True,sub-008_ses-premedita_task-slMedita_eeg_preproc_preica.set,sub-008_ses-premedita_task-slMedita_eeg_preproc_preica.fdt
sub-009,ses-premedita,restCE01,True,True,True,sub-009_ses-premedita_task-restCE01_eeg_preproc_preica.set,sub-009_ses-premedita_task-restCE01_eeg_preproc_preica.fdt
sub-009,ses-premedita,Medita,True,True,True,sub-009_ses-premedita_task-Medita_eeg_preproc_preica.set,sub-009_ses-premedita_task-Medita_eeg_preproc_preica.fdt
sub-009,ses-premedita,restCE02,True,True,True,sub-009_ses-premedita_task-restCE02_eeg_preproc_preica.set,sub-009_ses-premedita_task-restCE02_eeg_preproc_preica.fdt
sub-009,ses-premedita,slMedita,True,True,True,sub-009_ses-premedita_task-slMedita_eeg_preproc_preica.set,sub-009_ses-premedita_task-slMedita_eeg_preproc_preica.fdt
sub-010,ses-premedita,restCE01,True,True,True,sub-010_ses-premedita_task-restCE01_eeg_preproc_preica.set,sub-010_ses-premedita_task-restCE01_eeg_preproc_preica.fdt
sub-010,ses-premedita,Medita,True,True,True,sub-010_ses-premedita_task-Medita_eeg_preproc_preica.set,sub-010_ses-premedita_task-Medita_eeg_preproc_preica.fdt
sub-010,ses-premedita,restCE02,True,True,True,sub-010_ses-premedita_task-restCE02_eeg_preproc_preica.set,sub-010_ses-premedita_task-restCE02_eeg_preproc_preica.fdt
sub-010,ses-premedita,slMedita,True,True,True,sub-010_ses-premedita_task-slMedita_eeg_preproc_preica.set,sub-010_ses-premedita_task-slMedita_eeg_preproc_preica.fdt
sub-011,ses-premedita,restCE01,True,True,True,sub-011_ses-premedita_task-restCE01_eeg_preproc_preica.set,sub-011_ses-premedita_task-restCE01_eeg_preproc_preica.fdt
sub-011,ses-premedita,Medita,True,True,True,sub-011_ses-premedita_task-Medita_eeg_preproc_preica.set,sub-011_ses-premedita_task-Medita_eeg_preproc_preica.fdt
sub-011,ses-premedita,restCE02,True,True,True,sub-011_ses-premedita_task-restCE02_eeg_preproc_preica.set,sub-011_ses-premedita_task-restCE02_eeg_preproc_preica.fdt
sub-011,ses-premedita,slMedita,True,True,True,sub-011_ses-premedita_task-slMedita_eeg_preproc_preica.set,sub-011_ses-premedita_task-slMedita_eeg_preproc_preica.fdt
sub-012,ses-premedita,restCE01,True,True,True,sub-012_ses-premedita_task-restCE01_eeg_preproc_preica.set,sub-012_ses-premedita_task-restCE01_eeg_preproc_preica.fdt
sub-012,ses-premedita,Medita,True,True,True,sub-012_ses-premedita_task-Medita_eeg_preproc_preica.set,sub-012_ses-premedita_task-Medita_eeg_preproc_preica.fdt
sub-012,ses-premedita,restCE02,True,True,True,sub-012_ses-premedita_task-restCE02_eeg_preproc_preica.set,sub-012_ses-premedita_task-restCE02_eeg_preproc_preica.fdt
sub-012,ses-premedita,slMedita,True,True,True,sub-012_ses-premedita_task-slMedita_eeg_preproc_preica.set,sub-012_ses-premedita_task-slMedita_eeg_preproc_preica.fdt
sub-013,ses-premedita,restCE01,True,True,True,sub-013_ses-premedita_task-restCE01_eeg_preproc_preica.set,sub-013_ses-premedita_task-restCE01_eeg_preproc_preica.fdt
sub-013,ses-premedita,Medita,True,True,True,sub-013_ses-premedita_task-Medita_eeg_preproc_preica.set,sub-013_ses-premedita_task-Medita_eeg_preproc_preica.fdt
sub-013,ses-premedita,restCE02,True,True,True,sub-013_ses-premedita_task-restCE02_eeg_preproc_preica.set,sub-013_ses-premedita_task-restCE02_eeg_preproc_preica.fdt
sub-013,ses-premedita,slMedita,True,True,True,sub-013_ses-premedita_task-slMedita_eeg_preproc_preica.set,sub-013_ses-premedita_task-slMedita_eeg_preproc_preica.fdt
sub-014,ses-premedita,restCE01,True,True,True,sub-014_ses-premedita_task-restCE01_eeg_preproc_preica.set,sub-014_ses-premedita_task-restCE01_eeg_preproc_preica.fdt
sub-014,ses-premedita,Medita,True,True,True,sub-014_ses-premedita_task-Medita_eeg_preproc_preica.set,sub-014_ses-premedita_task-Medita_eeg_preproc_preica.fdt
sub-014,ses-premedita,restCE02,True,True,True,sub-014_ses-premedita_task-restCE02_eeg_preproc_preica.set,sub-014_ses-premedita_task-restCE02_eeg_preproc_preica.fdt
sub-014,ses-premedita,slMedita,True,True,True,sub-014_ses-premedita_task-slMedita_eeg_preproc_preica.set,sub-014_ses-premedita_task-slMedita_eeg_preproc_preica.fdt
sub-015,ses-premedita,restCE01,True,True,True,sub-015_ses-premedita_task-restCE01_eeg_preproc_preica.set,sub-015_ses-premedita_task-restCE01_eeg_preproc_preica.fdt
sub-015,ses-premedita,Medita,True,True,True,sub-015_ses-premedita_task-Medita_eeg_preproc_preica.set,sub-015_ses-premedita_task-Medita_eeg_preproc_preica.fdt
sub-015,ses-premedita,restCE02,True,True,True,sub-015_ses-premedita_task-restCE02_eeg_preproc_preica.set,sub-015_ses-premedita_task-restCE02_eeg_preproc_preica.fdt
sub-015,ses-premedita,slMedita,True,True,True,sub-015_ses-premedita_task-slMedita_eeg_preproc_preica.set,sub-015_ses-premedita_task-slMedita_eeg_preproc_preica.fdt
sub-016,ses-premedita,restCE01,True,True,True,sub-016_ses-premedita_task-restCE01_eeg_preproc_preica.set,sub-016_ses-premedita_task-restCE01_eeg_preproc_preica.fdt
sub-016,ses-premedita,Medita,True,True,True,sub-016_ses-premedita_task-Medita_eeg_preproc_preica.set,sub-016_ses-premedita_task-Medita_eeg_preproc_preica.fdt
sub-016,ses-premedita,restCE02,True,True,True,sub-016_ses-premedita_task-restCE02_eeg_preproc_preica.set,sub-016_ses-premedita_task-restCE02_eeg_preproc_preica.fdt
sub-016,ses-premedita,slMedita,True,True,True,sub-016_ses-premedita_task-slMedita_eeg_preproc_preica.set,sub-016_ses-premedita_task-slMedita_eeg_preproc_preica.fdt
sub-017,ses-premedita,restCE01,True,True,True,sub-017_ses-premedita_task-restCE01_eeg_preproc_preica.set,sub-017_ses-premedita_task-restCE01_eeg_preproc_preica.fdt
sub-017,ses-premedita,Medita,True,True,True,sub-017_ses-premedita_task-Medita_eeg_preproc_preica.set,sub-017_ses-premedita_task-Medita_eeg_preproc_preica.fdt
sub-017,ses-premedita,restCE02,True,True,True,sub-017_ses-premedita_task-restCE02_eeg_preproc_preica.set,sub-017_ses-premedita_task-restCE02_eeg_preproc_preica.fdt
sub-017,ses-premedita,slMedita,True,True,True,sub-017_ses-premedita_task-slMedita_eeg_preproc_preica.set,sub-017_ses-premedita_task-slMedita_eeg_preproc_preica.fdt
sub-018,ses-premedita,restCE01,True,True,True,sub-018_ses-premedita_task-restCE01_eeg_preproc_preica.set,sub-018_ses-premedita_task-restCE01_eeg_preproc_preica.fdt
sub-018,ses-premedita,Medita,True,True,True,sub-018_ses-premedita_task-Medita_eeg_preproc_preica.set,sub-018_ses-premedita_task-Medita_eeg_preproc_preica.fdt
sub-018,ses-premedita,restCE02,True,True,True,sub-018_ses-premedita_task-restCE02_eeg_preproc_preica.set,sub-018_ses-premedita_task-restCE02_eeg_preproc_preica.fdt
sub-018,ses-premedita,slMedita,True,True,True,sub-018_ses-premedita_task-slMedita_eeg_preproc_preica.set,sub-018_ses-premedita_task-slMedita_eeg_preproc_preica.fdt
sub-019,ses-premedita,restCE01,True,True,True,sub-019_ses-premedita_task-restCE01_eeg_preproc_preica.set,sub-019_ses-premedita_task-restCE01_eeg_preproc_preica.fdt
sub-019,ses-premedita,Medita,True,True,True,sub-019_ses-premedita_task-Medita_eeg_preproc_preica.set,sub-019_ses-premedita_task-Medita_eeg_preproc_preica.fdt
sub-019,ses-premedita,restCE02,True,True,True,sub-019_ses-premedita_task-restCE02_eeg_preproc_preica.set,sub-019_ses-premedita_task-restCE02_eeg_preproc_preica.fdt
sub-019,ses-premedita,slMedita,True,True,True,sub-019_ses-premedita_task-slMedita_eeg_preproc_preica.set,sub-019_ses-premedita_task-slMedita_eeg_preproc_preica.fdt
sub-020,ses-premedita,restCE01,True,True,True,sub-020_ses-premedita_task-restCE01_eeg_preproc_preica.set,sub-020_ses-premedita_task-restCE01_eeg_preproc_preica.fdt
sub-020,ses-premedita,Medita,True,True,True,sub-020_ses-premedita_task-Medita_eeg_preproc_preica.set,sub-020_ses-premedita_task-Medita_eeg_preproc_preica.fdt
sub-020,ses-premedita,restCE02,True,True,True,sub-020_ses-premedita_task-restCE02_eeg_preproc_preica.set,sub-020_ses-premedita_task-restCE02_eeg_preproc_preica.fdt
sub-020,ses-premedita,slMedita,True,True,True,sub-020_ses-premedita_task-slMedita_eeg_preproc_preica.set,sub-020_ses-premedita_task-slMedita_eeg_preproc_preica.fdt
sub-021,ses-premedita,restCE01,True,True,True,sub-021_ses-premedita_task-restCE01_eeg_preproc_preica.set,sub-021_ses-premedita_task-restCE01_eeg_preproc_preica.fdt
sub-021,ses-premedita,Medita,True,True,True,sub-021_ses-premedita_task-Medita_eeg_preproc_preica.set,sub-021_ses-premedita_task-Medita_eeg_preproc_preica.fdt
sub-021,ses-premedita,restCE02,True,True,True,sub-021_ses-premedita_task-restCE02_eeg_preproc_preica.set,sub-021_ses-premedita_task-restCE02_eeg_preproc_preica.fdt
sub-021,ses-premedita,slMedita,True,True,True,sub-021_ses-premedita_task-slMedita_eeg_preproc_preica.set,sub-021_ses-premedita_task-slMedita_eeg_preproc_preica.fdt
sub-022,ses-premedita,restCE01,True,True,True,sub-022_ses-premedita_task-restCE01_eeg_preproc_preica.set,sub-022_ses-premedita_task-restCE01_eeg_preproc_preica.fdt
sub-022,ses-premedita,Medita,True,True,True,sub-022_ses-premedita_task-Medita_eeg_preproc_preica.set,sub-022_ses-premedita_task-Medita_eeg_preproc_preica.fdt
sub-022,ses-premedita,restCE02,True,True,True,sub-022_ses-premedita_task-restCE02_eeg_preproc_preica.set,sub-022_ses-premedita_task-restCE02_eeg_preproc_preica.fdt
sub-022,ses-premedita,slMedita,True,True,True,sub-022_ses-premedita_task-slMedita_eeg_preproc_preica.set,sub-022_ses-premedita_task-slMedita_eeg_preproc_preica.fdt
sub-023,ses-premedita,restCE01,True,True,True,sub-023_ses-premedita_task-restCE01_eeg_preproc_preica.set,sub-023_ses-premedita_task-restCE01_eeg_preproc_preica.fdt
sub-023,ses-premedita,Medita,True,True,True,sub-023_ses-premedita_task-Medita_eeg_preproc_preica.set,sub-023_ses-premedita_task-Medita_eeg_preproc_preica.fdt
sub-023,ses-premedita,restCE02,True,True,True,sub-023_ses-premedita_task-restCE02_eeg_preproc_preica.set,sub-023_ses-premedita_task-restCE02_eeg_preproc_preica.fdt
sub-023,ses-premedita,slMedita,True,True,True,sub-023_ses-premedita_task-slMedita_eeg_preproc_preica.set,sub-023_ses-premedita_task-slMedita_eeg_preproc_preica.fdt
sub-024,ses-premedita,restCE01,True,True,True,sub-024_ses-premedita_task-restCE01_eeg_preproc_preica.set,sub-024_ses-premedita_task-restCE01_eeg_preproc_preica.fdt
sub-024,ses-premedita,Medita,True,True,True,sub-024_ses-premedita_task-Medita_eeg_preproc_preica.set,sub-024_ses-premedita_task-Medita_eeg_preproc_preica.fdt
sub-024,ses-premedita,restCE02,True,True,True,sub-024_ses-premedita_task-restCE02_eeg_preproc_preica.set,sub-024_ses-premedita_task-restCE02_eeg_preproc_preica.fdt
sub-024,ses-premedita,slMedita,True,True,True,sub-024_ses-premedita_task-slMedita_eeg_preproc_preica.set,sub-024_ses-premedita_task-slMedita_eeg_preproc_preica.fdt
sub-025,ses-premedita,restCE01,True,True,True,sub-025_ses-premedita_task-restCE01_eeg_preproc_preica.set,sub-025_ses-premedita_task-restCE01_eeg_preproc_preica.fdt
sub-025,ses-premedita,Medita,True,True,True,sub-025_ses-premedita_task-Medita_eeg_preproc_preica.set,sub-025_ses-premedita_task-Medita_eeg_preproc_preica.fdt
sub-025,ses-premedita,restCE02,True,True,True,sub-025_ses-premedita_task-restCE02_eeg_preproc_preica.set,sub-025_ses-premedita_task-restCE02_eeg_preproc_preica.fdt
sub-025,ses-premedita,slMedita,True,True,True,sub-025_ses-premedita_task-slMedita_eeg_preproc_preica.set,sub-025_ses-premedita_task-slMedita_eeg_preproc_preica.fdt
sub-026,ses-premedita,restCE01,True,True,True,sub-026_ses-premedita_task-restCE01_eeg_preproc_preica.set,sub-026_ses-premedita_task-restCE01_eeg_preproc_preica.fdt
sub-026,ses-premedita,Medita,True,True,True,sub-026_ses-premedita_task-Medita_eeg_preproc_preica.set,sub-026_ses-premedita_task-Medita_eeg_preproc_preica.fdt
sub-026,ses-premedita,restCE02,True,True,True,sub-026_ses-premedita_task-restCE02_eeg_preproc_preica.set,sub-026_ses-premedita_task-restCE02_eeg_preproc_preica.fdt
sub-026,ses-premedita,slMedita,True,True,True,sub-026_ses-premedita_task-slMedita_eeg_preproc_preica.set,sub-026_ses-premedita_task-slMedita_eeg_preproc_preica.fdt
sub-027,ses-premedita,restCE01,True,True,True,sub-027_ses-premedita_task-restCE01_eeg_preproc_preica.set,sub-027_ses-premedita_task-restCE01_eeg_preproc_preica.fdt
sub-027,ses-premedita,Medita,True,True,True,sub-027_ses-premedita_task-Medita_eeg_preproc_preica.set,sub-027_ses-premedita_task-Medita_eeg_preproc_preica.fdt
sub-027,ses-premedita,restCE02,True,True,True,sub-027_ses-premedita_task-restCE02_eeg_preproc_preica.set,sub-027_ses-premedita_task-restCE02_eeg_preproc_preica.fdt
sub-027,ses-premedita,slMedita,True,True,True,sub-027_ses-premedita_task-slMedita_eeg_preproc_preica.set,sub-027_ses-premedita_task-slMedita_eeg_preproc_preica.fdt
sub-028,ses-premedita,restCE01,True,True,True,sub-028_ses-premedita_task-restCE01_eeg_preproc_preica.set,sub-028_ses-premedita_task-restCE01_eeg_preproc_preica.fdt
sub-028,ses-premedita,Medita,True,True,True,sub-028_ses-premedita_task-Medita_eeg_preproc_preica.set,sub-028_ses-premedita_task-Medita_eeg_preproc_preica.fdt
sub-028,ses-premedita,restCE02,True,True,True,sub-028_ses-premedita_task-restCE02_eeg_preproc_preica.set,sub-028_ses-premedita_task-restCE02_eeg_preproc_preica.fdt
sub-028,ses-premedita,slMedita,True,True,True,sub-028_ses-premedita_task-slMedita_eeg_preproc_preica.set,sub-028_ses-premedita_task-slMedita_eeg_preproc_preica.fdt
sub-029,ses-premedita,restCE01,True,True,True,sub-029_ses-premedita_task-restCE01_eeg_preproc_preica.set,sub-029_ses-premedita_task-restCE01_eeg_preproc_preica.fdt
sub-029,ses-premedita,Medita,True,True,True,sub-029_ses-premedita_task-Medita_eeg_preproc_preica.set,sub-029_ses-premedita_task-Medita_eeg_preproc_preica.fdt
sub-029,ses-premedita,restCE02,True,True,True,sub-029_ses-premedita_task-restCE02_eeg_preproc_preica.set,sub-029_ses-premedita_task-restCE02_eeg_preproc_preica.fdt
sub-029,ses-premedita,slMedita,True,True,True,sub-029_ses-premedita_task-slMedita_eeg_preproc_preica.set,sub-029_ses-premedita_task-slMedita_eeg_preproc_preica.fdt
sub-030,ses-premedita,restCE01,True,True,True,sub-030_ses-premedita_task-restCE01_eeg_preproc_preica.set,sub-030_ses-premedita_task-restCE01_eeg_preproc_preica.fdt
sub-030,ses-premedita,Medita,True,True,True,sub-030_ses-premedita_task-Medita_eeg_preproc_preica.set,sub-030_ses-premedita_task-Medita_eeg_preproc_preica.fdt
sub-030,ses-premedita,restCE02,True,True,True,sub-030_ses-premedita_task-restCE02_eeg_preproc_preica.set,sub-030_ses-premedita_task-restCE02_eeg_preproc_preica.fdt
sub-030,ses-premedita,slMedita,True,True,True,sub-030_ses-premedita_task-slMedita_eeg_preproc_preica.set,sub-030_ses-premedita_task-slMedita_eeg_preproc_preica.fdt
sub-031,ses-premedita,restCE01,True,False,False,sub-031_ses-premedita_task-restCE01_eeg_preproc_preica.set,sub-031_ses-premedita_task-restCE01_eeg_preproc_preica.fdt
sub-031,ses-premedita,Medita,True,False,False,sub-031_ses-premedita_task-Medita_eeg_preproc_preica.set,sub-031_ses-premedita_task-Medita_eeg_preproc_preica.fdt
sub-031,ses-premedita,restCE02,True,False,False,sub-031_ses-premedita_task-restCE02_eeg_preproc_preica.set,sub-031_ses-premedita_task-restCE02_eeg_preproc_preica.fdt
sub-031,ses-premedita,slMedita,True,False,False,sub-031_ses-premedita_task-slMedita_eeg_preproc_preica.set,sub-031_ses-premedita_task-slMedita_eeg_preproc_preica.fdt
sub-032,ses-premedita,restCE01,True,False,False,sub-032_ses-premedita_task-restCE01_eeg_preproc_preica.set,sub-032_ses-premedita_task-restCE01_eeg_preproc_preica.fdt
sub-032,ses-premedita,Medita,True,False,False,sub-032_ses-premedita_task-Medita_eeg_preproc_preica.set,sub-032_ses-premedita_task-Medita_eeg_preproc_preica.fdt
sub-032,ses-premedita,restCE02,True,False,False,sub-032_ses-premedita_task-restCE02_eeg_preproc_preica.set,sub-032_ses-premedita_task-restCE02_eeg_preproc_preica.fdt
sub-032,ses-premedita,slMedita,True,False,False,sub-032_ses-premedita_task-slMedita_eeg_preproc_preica.set,sub-032_ses-premedita_task-slMedita_eeg_preproc_preica.fdt
sub-033,ses-premedita,restCE01,True,False,False,sub-033_ses-premedita_task-restCE01_eeg_preproc_preica.set,sub-033_ses-premedita_task-restCE01_eeg_preproc_preica.fdt
sub-033,ses-premedita,Medita,True,False,False,sub-033_ses-premedita_task-Medita_eeg_preproc_preica.set,sub-033_ses-premedita_task-Medita_eeg_preproc_preica.fdt
sub-033,ses-premedita,restCE02,True,False,False,sub-033_ses-premedita_task-restCE02_eeg_preproc_preica.set,sub-033_ses-premedita_task-restCE02_eeg_preproc_preica.fdt
sub-033,ses-premedita,slMedita,True,False,False,sub-033_ses-premedita_task-slMedita_eeg_preproc_preica.set,sub-033_ses-premedita_task-slMedita_eeg_preproc_preica.fdt
sub-034,ses-premedita,restCE01,True,False,False,sub-034_ses-premedita_task-restCE01_eeg_preproc_preica.set,sub-034_ses-premedita_task-restCE01_eeg_preproc_preica.fdt
sub-034,ses-premedita,Medita,True,False,False,sub-034_ses-premedita_task-Medita_eeg_preproc_preica.set,sub-034_ses-premedita_task-Medita_eeg_preproc_preica.fdt
sub-034,ses-premedita,restCE02,True,False,False,sub-034_ses-premedita_task-restCE02_eeg_preproc_preica.set,sub-034_ses-premedita_task-restCE02_eeg_preproc_preica.fdt
sub-034,ses-premedita,slMedita,True,False,False,sub-034_ses-premedita_task-slMedita_eeg_preproc_preica.set,sub-034_ses-premedita_task-slMedita_eeg_preproc_preica.fdt
sub-035,ses-premedita,restCE01,True,False,False,sub-035_ses-premedita_task-restCE01_eeg_preproc_preica.set,sub-035_ses-premedita_task-restCE01_eeg_preproc_preica.fdt
sub-035,ses-premedita,Medita,True,False,False,sub-035_ses-premedita_task-Medita_eeg_preproc_preica.set,sub-035_ses-premedita_task-Medita_eeg_preproc_preica.fdt
sub-035,ses-premedita,restCE02,True,False,False,sub-035_ses-premedita_task-restCE02_eeg_preproc_preica.set,sub-035_ses-premedita_task-restCE02_eeg_preproc_preica.fdt
sub-035,ses-premedita,slMedita,True,False,False,sub-035_ses-premedita_task-slMedita_eeg_preproc_preica.set,sub-035_ses-premedita_task-slMedita_eeg_preproc_preica.fdt
sub-036,ses-premedita,restCE01,True,False,False,sub-036_ses-premedita_task-restCE01_eeg_preproc_preica.set,sub-036_ses-premedita_task-restCE01_eeg_preproc_preica.fdt
sub-036,ses-premedita,Medita,True,False,False,sub-036_ses-premedita_task-Medita_eeg_preproc_preica.set,sub-036_ses-premedita_task-Medita_eeg_preproc_preica.fdt
sub-036,ses-premedita,restCE02,True,False,False,sub-036_ses-premedita_task-restCE02_eeg_preproc_preica.set,sub-036_ses-premedita_task-restCE02_eeg_preproc_preica.fdt
sub-036,ses-premedita,slMedita,True,False,False,sub-036_ses-premedita_task-slMedita_eeg_preproc_preica.set,sub-036_ses-premedita_task-slMedita_eeg_preproc_preica.fdt
sub-037,ses-premedita,restCE01,True,False,False,sub-037_ses-premedita_task-restCE01_eeg_preproc_preica.set,sub-037_ses-premedita_task-restCE01_eeg_preproc_preica.fdt
sub-037,ses-premedita,Medita,True,False,False,sub-037_ses-premedita_task-Medita_eeg_preproc_preica.set,sub-037_ses-premedita_task-Medita_eeg_preproc_preica.fdt
sub-037,ses-premedita,restCE02,True,False,False,sub-037_ses-premedita_task-restCE02_eeg_preproc_preica.set,sub-037_ses-premedita_task-restCE02_eeg_preproc_preica.fdt
sub-037,ses-premedita,slMedita,True,False,False,sub-037_ses-premedita_task-slMedita_eeg_preproc_preica.set,sub-037_ses-premedita_task-slMedita_eeg_preproc_preica.fdt
sub-038,ses-premedita,restCE01,True,False,False,sub-038_ses-premedita_task-restCE01_eeg_preproc_preica.set,sub-038_ses-premedita_task-restCE01_eeg_preproc_preica.fdt
sub-038,ses-premedita,Medita,True,False,False,sub-038_ses-premedita_task-Medita_eeg_preproc_preica.set,sub-038_ses-premedita_task-Medita_eeg_preproc_preica.fdt
sub-038,ses-premedita,restCE02,True,False,False,sub-038_ses-premedita_task-restCE02_eeg_preproc_preica.set,sub-038_ses-premedita_task-restCE02_eeg_preproc_preica.fdt
sub-038,ses-premedita,slMedita,True,False,False,sub-038_ses-premedita_task-slMedita_eeg_preproc_preica.set,sub-038_ses-premedita_task-slMedita_eeg_preproc_preica.fdt
sub-039,ses-premedita,restCE01,True,False,False,sub-039_ses-premedita_task-restCE01_eeg_preproc_preica.set,sub-039_ses-premedita_task-restCE01_eeg_preproc_preica.fdt
sub-039,ses-premedita,Medita,True,False,False,sub-039_ses-premedita_task-Medita_eeg_preproc_preica.set,sub-039_ses-premedita_task-Medita_eeg_preproc_preica.fdt
sub-039,ses-premedita,restCE02,True,False,False,sub-039_ses-premedita_task-restCE02_eeg_preproc_preica.set,sub-039_ses-premedita_task-restCE02_eeg_preproc_preica.fdt
sub-039,ses-premedita,slMedita,True,False,False,sub-039_ses-premedita_task-slMedita_eeg_preproc_preica.set,sub-039_ses-premedita_task-slMedita_eeg_preproc_preica.fdt
sub-040,ses-premedita,restCE01,True,False,False,sub-040_ses-premedita_task-restCE01_eeg_preproc_preica.set,sub-040_ses-premedita_task-restCE01_eeg_preproc_preica.fdt
sub-040,ses-premedita,Medita,True,False,False,sub-040_ses-premedita_task-Medita_eeg_preproc_preica.set,sub-040_ses-premedita_task-Medita_eeg_preproc_preica.fdt
sub-040,ses-premedita,restCE02,True,False,False,sub-040_ses-premedita_task-restCE02_eeg_preproc_preica.set,sub-040_ses-premedita_task-restCE02_eeg_preproc_preica.fdt
sub-040,ses-premedita,slMedita,True,False,False,sub-040_ses-premedita_task-slMedita_eeg_preproc_preica.set,sub-040_ses-premedita_task-slMedita_eeg_preproc_preica.fdt
sub-041,ses-premedita,restCE01,True,False,False,sub-041_ses-premedita_task-restCE01_eeg_preproc_preica.set,sub-041_ses-premedita_task-restCE01_eeg_preproc_preica.fdt
sub-041,ses-premedita,Medita,True,False,False,sub-041_ses-premedita_task-Medita_eeg_preproc_preica.set,sub-041_ses-premedita_task-Medita_eeg_preproc_preica.fdt
sub-041,ses-premedita,restCE02,True,False,False,sub-041_ses-premedita_task-restCE02_eeg_preproc_preica.set,sub-041_ses-premedita_task-restCE02_eeg_preproc_preica.fdt
sub-041,ses-premedita,slMedita,True,False,False,sub-041_ses-premedita_task-slMedita_eeg_preproc_preica.set,sub-041_ses-premedita_task-slMedita_eeg_preproc_preica.fdt
sub-042,ses-premedita,restCE01,True,False,False,sub-042_ses-premedita_task-restCE01_eeg_preproc_preica.set,sub-042_ses-premedita_task-restCE01_eeg_preproc_preica.fdt
sub-042,ses-premedita,Medita,True,False,False,sub-042_ses-premedita_task-Medita_eeg_preproc_preica.set,sub-042_ses-premedita_task-Medita_eeg_preproc_preica.fdt
sub-042,ses-premedita,restCE02,True,False,False,sub-042_ses-premedita_task-restCE02_eeg_preproc_preica.set,sub-042_ses-premedita_task-restCE02_eeg_preproc_preica.fdt
sub-042,ses-premedita,slMedita,True,False,False,sub-042_ses-premedita_task-slMedita_eeg_preproc_preica.set,sub-042_ses-premedita_task-slMedita_eeg_preproc_preica.fdt
sub-043,ses-premedita,restCE01,True,False,False,sub-043_ses-premedita_task-restCE01_eeg_preproc_preica.set,sub-043_ses-premedita_task-restCE01_eeg_preproc_preica.fdt
sub-043,ses-premedita,Medita,True,False,False,sub-043_ses-premedita_task-Medita_eeg_preproc_preica.set,sub-043_ses-premedita_task-Medita_eeg_preproc_preica.fdt
sub-043,ses-premedita,restCE02,True,False,False,sub-043_ses-premedita_task-restCE02_eeg_preproc_preica.set,sub-043_ses-premedita_task-restCE02_eeg_preproc_preica.fdt
sub-043,ses-premedita,slMedita,True,False,False,sub-043_ses-premedita_task-slMedita_eeg_preproc_preica.set,sub-043_ses-premedita_task-slMedita_eeg_preproc_preica.fdt
sub-044,ses-premedita,restCE01,True,False,False,sub-044_ses-premedita_task-restCE01_eeg_preproc_preica.set,sub-044_ses-premedita_task-restCE01_eeg_preproc_preica.fdt
sub-044,ses-premedita,Medita,True,False,False,sub-044_ses-premedita_task-Medita_eeg_preproc_preica.set,sub-044_ses-premedita_task-Medita_eeg_preproc_preica.fdt
sub-044,ses-premedita,restCE02,True,False,False,sub-044_ses-premedita_task-restCE02_eeg_preproc_preica.set,sub-044_ses-premedita_task-restCE02_eeg_preproc_preica.fdt
sub-044,ses-premedita,slMedita,True,False,False,sub-044_ses-premedita_task-slMedita_eeg_preproc_preica.set,sub-044_ses-premedita_task-slMedita_eeg_preproc_preica.fdt
sub-045,ses-premedita,restCE01,True,False,False,sub-045_ses-premedita_task-restCE01_eeg_preproc_preica.set,sub-045_ses-premedita_task-restCE01_eeg_preproc_preica.fdt
sub-045,ses-premedita,Medita,True,False,False,sub-045_ses-premedita_task-Medita_eeg_preproc_preica.set,sub-045_ses-premedita_task-Medita_eeg_preproc_preica.fdt
sub-045,ses-premedita,restCE02,True,False,False,sub-045_ses-premedita_task-restCE02_eeg_preproc_preica.set,sub-045_ses-premedita_task-restCE02_eeg_preproc_preica.fdt
sub-045,ses-premedita,slMedita,True,False,False,sub-045_ses-premedita_task-slMedita_eeg_preproc_preica.set,sub-045_ses-premedita_task-slMedita_eeg_preproc_preica.fdt
sub-046,ses-premedita,restCE01,True,False,False,sub-046_ses-premedita_task-restCE01_eeg_preproc_preica.set,sub-046_ses-premedita_task-restCE01_eeg_preproc_preica.fdt
sub-046,ses-premedita,Medita,True,False,False,sub-046_ses-premedita_task-Medita_eeg_preproc_preica.set,sub-046_ses-premedita_task-Medita_eeg_preproc_preica.fdt
sub-046,ses-premedita,restCE02,True,False,False,sub-046_ses-premedita_task-restCE02_eeg_preproc_preica.set,sub-046_ses-premedita_task-restCE02_eeg_preproc_preica.fdt
sub-046,ses-premedita,slMedita,True,False,False,sub-046_ses-premedita_task-slMedita_eeg_preproc_preica.set,sub-046_ses-premedita_task-slMedita_eeg_preproc_preica.fdt
sub-047,ses-premedita,restCE01,True,False,False,sub-047_ses-premedita_task-restCE01_eeg_preproc_preica.set,sub-047_ses-premedita_task-restCE01_eeg_preproc_preica.fdt
sub-047,ses-premedita,Medita,True,False,False,sub-047_ses-premedita_task-Medita_eeg_preproc_preica.set,sub-047_ses-premedita_task-Medita_eeg_preproc_preica.fdt
sub-047,ses-premedita,restCE02,True,False,False,sub-047_ses-premedita_task-restCE02_eeg_preproc_preica.set,sub-047_ses-premedita_task-restCE02_eeg_preproc_preica.fdt
sub-047,ses-premedita,slMedita,True,False,False,sub-047_ses-premedita_task-slMedita_eeg_preproc_preica.set,sub-047_ses-premedita_task-slMedita_eeg_preproc_preica.fdt
sub-048,ses-premedita,restCE01,True,False,False,sub-048_ses-premedita_task-restCE01_eeg_preproc_preica.set,sub-048_ses-premedita_task-restCE01_eeg_preproc_preica.fdt
sub-048,ses-premedita,Medita,True,False,False,sub-048_ses-premedita_task-Medita_eeg_preproc_preica.set,sub-048_ses-premedita_task-Medita_eeg_preproc_preica.fdt
sub-048,ses-premedita,restCE02,True,False,False,sub-048_ses-premedita_task-restCE02_eeg_preproc_preica.set,sub-048_ses-premedita_task-restCE02_eeg_preproc_preica.fdt
sub-048,ses-premedita,slMedita,True,False,False,sub-048_ses-premedita_task-slMedita_eeg_preproc_preica.set,sub-048_ses-premedita_task-slMedita_eeg_preproc_preica.fdt
sub-049,ses-premedita,restCE01,True,False,False,sub-049_ses-premedita_task-restCE01_eeg_preproc_preica.set,sub-049_ses-premedita_task-restCE01_eeg_preproc_preica.fdt
sub-049,ses-premedita,Medita,True,False,False,sub-049_ses-premedita_task-Medita_eeg_preproc_preica.set,sub-049_ses-premedita_task-Medita_eeg_preproc_preica.fdt
sub-049,ses-premedita,restCE02,True,False,False,sub-049_ses-premedita_task-restCE02_eeg_preproc_preica.set,sub-049_ses-premedita_task-restCE02_eeg_preproc_preica.fdt
sub-049,ses-premedita,slMedita,True,False,False,sub-049_ses-premedita_task-slMedita_eeg_preproc_preica.set,sub-049_ses-premedita_task-slMedita_eeg_preproc_preica.fdt
sub-050,ses-premedita,restCE01,True,False,False,sub-050_ses-premedita_task-restCE01_eeg_preproc_preica.set,sub-050_ses-premedita_task-restCE01_eeg_preproc_preica.fdt
sub-050,ses-premedita,Medita,True,False,False,sub-050_ses-premedita_task-Medita_eeg_preproc_preica.set,sub-050_ses-premedita_task-Medita_eeg_preproc_preica.fdt
sub-050,ses-premedita,restCE02,True,False,False,sub-050_ses-premedita_task-restCE02_eeg_preproc_preica.set,sub-050_ses-premedita_task-restCE02_eeg_preproc_preica.fdt
sub-050,ses-premedita,slMedita,True,False,False,sub-050_ses-premedita_task-slMedita_eeg_preproc_preica.set,sub-050_ses-premedita_task-slMedita_eeg_preproc_preica.fdt
sub-051,ses-premedita,restCE01,True,False,False,sub-051_ses-premedita_task-restCE01_eeg_preproc_preica.set,sub-051_ses-premedita_task-restCE01_eeg_preproc_preica.fdt
sub-051,ses-premedita,Medita,True,False,False,sub-051_ses-premedita_task-Medita_eeg_preproc_preica.set,sub-051_ses-premedita_task-Medita_eeg_preproc_preica.fdt
sub-051,ses-premedita,restCE02,True,False,False,sub-051_ses-premedita_task-restCE02_eeg_preproc_preica.set,sub-051_ses-premedita_task-restCE02_eeg_preproc_preica.fdt
sub-051,ses-premedita,slMedita,True,False,False,sub-051_ses-premedita_task-slMedita_eeg_preproc_preica.set,sub-051_ses-premedita_task-slMedita_eeg_preproc_preica.fdt
sub-052,ses-premedita,restCE01,True,False,False,sub-052_ses-premedita_task-restCE01_eeg_preproc_preica.set,sub-052_ses-premedita_task-restCE01_eeg_preproc_preica.fdt
sub-052,ses-premedita,Medita,True,False,False,sub-052_ses-premedita_task-Medita_eeg_preproc_preica.set,sub-052_ses-premedita_task-Medita_eeg_preproc_preica.fdt
sub-052,ses-premedita,restCE02,True,False,False,sub-052_ses-premedita_task-restCE02_eeg_preproc_preica.set,sub-052_ses-premedita_task-restCE02_eeg_preproc_preica.fdt
sub-052,ses-premedita,slMedita,True,False,False,sub-052_ses-premedita_task-slMedita_eeg_preproc_preica.set,sub-052_ses-premedita_task-slMedita_eeg_preproc_preica.fdt
sub-053,ses-premedita,restCE01,True,False,False,sub-053_ses-premedita_task-restCE01_eeg_preproc_preica.set,sub-053_ses-premedita_task-restCE01_eeg_preproc_preica.fdt
sub-053,ses-premedita,Medita,True,False,False,sub-053_ses-premedita_task-Medita_eeg_preproc_preica.set,sub-053_ses-premedita_task-Medita_eeg_preproc_preica.fdt
sub-053,ses-premedita,restCE02,True,False,False,sub-053_ses-premedita_task-restCE02_eeg_preproc_preica.set,sub-053_ses-premedita_task-restCE02_eeg_preproc_preica.fdt
sub-053,ses-premedita,slMedita,True,False,False,sub-053_ses-premedita_task-slMedita_eeg_preproc_preica.set,sub-053_ses-premedita_task-slMedita_eeg_preproc_preica.fdt
sub-054,ses-premedita,restCE01,True,False,False,sub-054_ses-premedita_task-restCE01_eeg_preproc_preica.set,sub-054_ses-premedita_task-restCE01_eeg_preproc_preica.fdt
sub-054,ses-premedita,Medita,True,False,False,sub-054_ses-premedita_task-Medita_eeg_preproc_preica.set,sub-054_ses-premedita_task-Medita_eeg_preproc_preica.fdt
sub-054,ses-premedita,restCE02,True,False,False,sub-054_ses-premedita_task-restCE02_eeg_preproc_preica.set,sub-054_ses-premedita_task-restCE02_eeg_preproc_preica.fdt
sub-054,ses-premedita,slMedita,True,False,False,sub-054_ses-premedita_task-slMedita_eeg_preproc_preica.set,sub-054_ses-premedita_task-slMedita_eeg_preproc_preica.fdt
sub-055,ses-premedita,restCE01,True,False,False,sub-055_ses-premedita_task-restCE01_eeg_preproc_preica.set,sub-055_ses-premedita_task-restCE01_eeg_preproc_preica.fdt
sub-055,ses-premedita,Medita,True,False,False,sub-055_ses-premedita_task-Medita_eeg_preproc_preica.set,sub-055_ses-premedita_task-Medita_eeg_preproc_preica.fdt
sub-055,ses-premedita,restCE02,True,False,False,sub-055_ses-premedita_task-restCE02_eeg_preproc_preica.set,sub-055_ses-premedita_task-restCE02_eeg_preproc_preica.fdt
sub-055,ses-premedita,slMedita,True,False,False,sub-055_ses-premedita_task-slMedita_eeg_preproc_preica.set,sub-055_ses-premedita_task-slMedita_eeg_preproc_preica.fdt
sub-056,ses-premedita,restCE01,True,False,False,sub-056_ses-premedita_task-restCE01_eeg_preproc_preica.set,sub-056_ses-premedita_task-restCE01_eeg_preproc_preica.fdt
sub-056,ses-premedita,Medita,True,False,False,sub-056_ses-premedita_task-Medita_eeg_preproc_preica.set,sub-056_ses-premedita_task-Medita_eeg_preproc_preica.fdt
sub-056,ses-premedita,restCE02,True,False,False,sub-056_ses-premedita_task-restCE02_eeg_preproc_preica.set,sub-056_ses-premedita_task-restCE02_eeg_preproc_preica.fdt
sub-056,ses-premedita,slMedita,True,False,False,sub-056_ses-premedita_task-slMedita_eeg_preproc_preica.set,sub-056_ses-premedita_task-slMedita_eeg_preproc_preica.fdt
sub-057,ses-premedita,restCE01,True,False,False,sub-057_ses-premedita_task-restCE01_eeg_preproc_preica.set,sub-057_ses-premedita_task-restCE01_eeg_preproc_preica.fdt
sub-057,ses-premedita,Medita,True,False,False,sub-057_ses-premedita_task-Medita_eeg_preproc_preica.set,sub-057_ses-premedita_task-Medita_eeg_preproc_preica.fdt
sub-057,ses-premedita,restCE02,True,False,False,sub-057_ses-premedita_task-restCE02_eeg_preproc_preica.set,sub-057_ses-premedita_task-restCE02_eeg_preproc_preica.fdt
sub-057,ses-premedita,slMedita,True,False,False,sub-057_ses-premedita_task-slMedita_eeg_preproc_preica.set,sub-057_ses-premedita_task-slMedita_eeg_preproc_preica.fdt
sub-058,ses-premedita,restCE01,True,False,False,sub-058_ses-premedita_task-restCE01_eeg_preproc_preica.set,sub-058_ses-premedita_task-restCE01_eeg_preproc_preica.fdt
sub-058,ses-premedita,Medita,True,False,False,sub-058_ses-premedita_task-Medita_eeg_preproc_preica.set,sub-058_ses-premedita_task-Medita_eeg_preproc_preica.fdt
sub-058,ses-premedita,restCE02,True,False,False,sub-058_ses-premedita_task-restCE02_eeg_preproc_preica.set,sub-058_ses-premedita_task-restCE02_eeg_preproc_preica.fdt
sub-058,ses-premedita,slMedita,True,False,False,sub-058_ses-premedita_task-slMedita_eeg_preproc_preica.set,sub-058_ses-premedita_task-slMedita_eeg_preproc_preica.fdt
sub-059,ses-premedita,restCE01,True,False,False,sub-059_ses-premedita_task-restCE01_eeg_preproc_preica.set,sub-059_ses-premedita_task-restCE01_eeg_preproc_preica.fdt
sub-059,ses-premedita,Medita,True,False,False,sub-059_ses-premedita_task-Medita_eeg_preproc_preica.set,sub-059_ses-premedita_task-Medita_eeg_preproc_preica.fdt
sub-059,ses-premedita,restCE02,True,False,False,sub-059_ses-premedita_task-restCE02_eeg_preproc_preica.set,sub-059_ses-premedita_task-restCE02_eeg_preproc_preica.fdt
sub-059,ses-premedita,slMedita,True,False,False,sub-059_ses-premedita_task-slMedita_eeg_preproc_preica.set,sub-059_ses-premedita_task-slMedita_eeg_preproc_preica.fdt
sub-060,ses-premedita,restCE01,True,False,False,sub-060_ses-premedita_task-restCE01_eeg_preproc_preica.set,sub-060_ses-premedita_task-restCE01_eeg_preproc_preica.fdt
sub-060,ses-premedita,Medita,True,False,False,sub-060_ses-premedita_task-Medita_eeg_preproc_preica.set,sub-060_ses-premedita_task-Medita_eeg_preproc_preica.fdt
sub-060,ses-premedita,restCE02,True,False,False,sub-060_ses-premedita_task-restCE02_eeg_preproc_preica.set,sub-060_ses-premedita_task-restCE02_eeg_preproc_preica.fdt
sub-060,ses-premedita,slMedita,True,False,False,sub-060_ses-premedita_task-slMedita_eeg_preproc_preica.set,sub-060_ses-premedita_task-slMedita_eeg_preproc_preica.fdt
sub-061,ses-premedita,restCE01,True,False,False,sub-061_ses-premedita_task-restCE01_eeg_preproc_preica.set,sub-061_ses-premedita_task-restCE01_eeg_preproc_preica.fdt
sub-061,ses-premedita,Medita,True,False,False,sub-061_ses-premedita_task-Medita_eeg_preproc_preica.set,sub-061_ses-premedita_task-Medita_eeg_preproc_preica.fdt
sub-061,ses-premedita,restCE02,True,False,False,sub-061_ses-premedita_task-restCE02_eeg_preproc_preica.set,sub-061_ses-premedita_task-restCE02_eeg_preproc_preica.fdt
sub-061,ses-premedita,slMedita,True,False,False,sub-061_ses-premedita_task-slMedita_eeg_preproc_preica.set,sub-061_ses-premedita_task-slMedita_eeg_preproc_preica.fdt
sub-062,ses-premedita,restCE01,True,False,False,sub-062_ses-premedita_task-restCE01_eeg_preproc_preica.set,sub-062_ses-premedita_task-restCE01_eeg_preproc_preica.fdt
sub-062,ses-premedita,Medita,True,False,False,sub-062_ses-premedita_task-Medita_eeg_preproc_preica.set,sub-062_ses-premedita_task-Medita_eeg_preproc_preica.fdt
sub-062,ses-premedita,restCE02,True,False,False,sub-062_ses-premedita_task-restCE02_eeg_preproc_preica.set,sub-062_ses-premedita_task-restCE02_eeg_preproc_preica.fdt
sub-062,ses-premedita,slMedita,True,False,False,sub-062_ses-premedita_task-slMedita_eeg_preproc_preica.set,sub-062_ses-premedita_task-slMedita_eeg_preproc_preica.fdt
sub-063,ses-premedita,restCE01,True,False,False,sub-063_ses-premedita_task-restCE01_eeg_preproc_preica.set,sub-063_ses-premedita_task-restCE01_eeg_preproc_preica.fdt
sub-063,ses-premedita,Medita,True,False,False,sub-063_ses-premedita_task-Medita_eeg_preproc_preica.set,sub-063_ses-premedita_task-Medita_eeg_preproc_preica.fdt
sub-063,ses-premedita,restCE02,True,False,False,sub-063_ses-premedita_task-restCE02_eeg_preproc_preica.set,sub-063_ses-premedita_task-restCE02_eeg_preproc_preica.fdt
sub-063,ses-premedita,slMedita,True,False,False,sub-063_ses-premedita_task-slMedita_eeg_preproc_preica.set,sub-063_ses-premedita_task-slMedita_eeg_preproc_preica.fdt
sub-064,ses-premedita,restCE01,True,False,False,sub-064_ses-premedita_task-restCE01_eeg_preproc_preica.set,sub-064_ses-premedita_task-restCE01_eeg_preproc_preica.fdt
sub-064,ses-premedita,Medita,True,False,False,sub-064_ses-premedita_task-Medita_eeg_preproc_preica.set,sub-064_ses-premedita_task-Medita_eeg_preproc_preica.fdt
sub-064,ses-premedita,restCE02,True,False,False,sub-064_ses-premedita_task-restCE02_eeg_preproc_preica.set,sub-064_ses-premedita_task-restCE02_eeg_preproc_preica.fdt
sub-064,ses-premedita,slMedita,True,False,False,sub-064_ses-premedita_task-slMedita_eeg_preproc_preica.set,sub-064_ses-premedita_task-slMedita_eeg_preproc_preica.fdt
sub-065,ses-premedita,restCE01,True,False,False,sub-065_ses-premedita_task-restCE01_eeg_preproc_preica.set,sub-065_ses-premedita_task-restCE01_eeg_preproc_preica.fdt
sub-065,ses-premedita,Medita,True,False,False,sub-065_ses-premedita_task-Medita_eeg_preproc_preica.set,sub-065_ses-premedita_task-Medita_eeg_preproc_preica.fdt
sub-065,ses-premedita,restCE02,True,False,False,sub-065_ses-premedita_task-restCE02_eeg_preproc_preica.set,sub-065_ses-premedita_task-restCE02_eeg_preproc_preica.fdt
sub-065,ses-premedita,slMedita,True,False,False,sub-065_ses-premedita_task-slMedita_eeg_preproc_preica.set,sub-065_ses-premedita_task-slMedita_eeg_preproc_preica.fdt
sub-066,ses-premedita,restCE01,True,False,False,sub-066_ses-premedita_task-restCE01_eeg_preproc_preica.set,sub-066_ses-premedita_task-restCE01_eeg_preproc_preica.fdt
sub-066,ses-premedita,Medita,True,False,False,sub-066_ses-premedita_task-Medita_eeg_preproc_preica.set,sub-066_ses-premedita_task-Medita_eeg_preproc_preica.fdt
sub-066,ses-premedita,restCE02,True,False,False,sub-066_ses-premedita_task-restCE02_eeg_preproc_preica.set,sub-066_ses-premedita_task-restCE02_eeg_preproc_preica.fdt
sub-066,ses-premedita,slMedita,True,False,False,sub-066_ses-premedita_task-slMedita_eeg_preproc_preica.set,sub-066_ses-premedita_task-slMedita_eeg_preproc_preica.fdt
sub-067,ses-premedita,restCE01,True,False,False,sub-067_ses-premedita_task-restCE01_eeg_preproc_preica.set,sub-067_ses-premedita_task-restCE01_eeg_preproc_preica.fdt
sub-067,ses-premedita,Medita,True,False,False,sub-067_ses-premedita_task-Medita_eeg_preproc_preica.set,sub-067_ses-premedita_task-Medita_eeg_preproc_preica.fdt
sub-067,ses-premedita,restCE02,True,False,False,sub-067_ses-premedita_task-restCE02_eeg_preproc_preica.set,sub-067_ses-premedita_task-restCE02_eeg_preproc_preica.fdt
sub-067,ses-premedita,slMedita,True,False,False,sub-067_ses-premedita_task-slMedita_eeg_preproc_preica.set,sub-067_ses-premedita_task-slMedita_eeg_preproc_preica.fdt
sub-068,ses-premedita,restCE01,True,False,False,sub-068_ses-premedita_task-restCE01_eeg_preproc_preica.set,sub-068_ses-premedita_task-restCE01_eeg_preproc_preica.fdt
sub-068,ses-premedita,Medita,True,False,False,sub-068_ses-premedita_task-Medita_eeg_preproc_preica.set,sub-068_ses-premedita_task-Medita_eeg_preproc_preica.fdt
sub-068,ses-premedita,restCE02,True,False,False,sub-068_ses-premedita_task-restCE02_eeg_preproc_preica.set,sub-068_ses-premedita_task-restCE02_eeg_preproc_preica.fdt
sub-068,ses-premedita,slMedita,True,False,False,sub-068_ses-premedita_task-slMedita_eeg_preproc_preica.set,sub-068_ses-premedita_task-slMedita_eeg_preproc_preica.fdt
sub-069,ses-premedita,restCE01,True,False,False,sub-069_ses-premedita_task-restCE01_eeg_preproc_preica.set,sub-069_ses-premedita_task-restCE01_eeg_preproc_preica.fdt
sub-069,ses-premedita,Medita,True,False,False,sub-069_ses-premedita_task-Medita_eeg_preproc_preica.set,sub-069_ses-premedita_task-Medita_eeg_preproc_preica.fdt
sub-069,ses-premedita,restCE02,True,False,False,sub-069_ses-premedita_task-restCE02_eeg_preproc_preica.set,sub-069_ses-premedita_task-restCE02_eeg_preproc_preica.fdt
sub-069,ses-premedita,slMedita,True,False,False,sub-069_ses-premedita_task-slMedita_eeg_preproc_preica.set,sub-069_ses-premedita_task-slMedita_eeg_preproc_preica.fdt
sub-070,ses-premedita,restCE01,True,False,False,sub-070_ses-premedita_task-restCE01_eeg_preproc_preica.set,sub-070_ses-premedita_task-restCE01_eeg_preproc_preica.fdt
sub-070,ses-premedita,Medita,True,False,False,sub-070_ses-premedita_task-Medita_eeg_preproc_preica.set,sub-070_ses-premedita_task-Medita_eeg_preproc_preica.fdt
sub-070,ses-premedita,restCE02,True,False,False,sub-070_ses-premedita_task-restCE02_eeg_preproc_preica.set,sub-070_ses-premedita_task-restCE02_eeg_preproc_preica.fdt
sub-070,ses-premedita,slMedita,True,False,False,sub-070_ses-premedita_task-slMedita_eeg_preproc_preica.set,sub-070_ses-premedita_task-slMedita_eeg_preproc_preica.fdt
sub-071,ses-premedita,restCE01,True,False,False,sub-071_ses-premedita_task-restCE01_eeg_preproc_preica.set,sub-071_ses-premedita_task-restCE01_eeg_preproc_preica.fdt
sub-071,ses-premedita,Medita,True,False,False,sub-071_ses-premedita_task-Medita_eeg_preproc_preica.set,sub-071_ses-premedita_task-Medita_eeg_preproc_preica.fdt
sub-071,ses-premedita,restCE02,True,False,False,sub-071_ses-premedita_task-restCE02_eeg_preproc_preica.set,sub-071_ses-premedita_task-restCE02_eeg_preproc_preica.fdt
sub-071,ses-premedita,slMedita,True,False,False,sub-071_ses-premedita_task-slMedita_eeg_preproc_preica.set,sub-071_ses-premedita_task-slMedita_eeg_preproc_preica.fdt
sub-072,ses-premedita,restCE01,True,False,False,sub-072_ses-premedita_task-restCE01_eeg_preproc_preica.set,sub-072_ses-premedita_task-restCE01_eeg_preproc_preica.fdt
sub-072,ses-premedita,Medita,True,False,False,sub-072_ses-premedita_task-Medita_eeg_preproc_preica.set,sub-072_ses-premedita_task-Medita_eeg_preproc_preica.fdt
sub-072,ses-premedita,restCE02,True,False,False,sub-072_ses-premedita_task-restCE02_eeg_preproc_preica.set,sub-072_ses-premedita_task-restCE02_eeg_preproc_preica.fdt
sub-072,ses-premedita,slMedita,True,False,False,sub-072_ses-premedita_task-slMedita_eeg_preproc_preica.set,sub-072_ses-premedita_task-slMedita_eeg_preproc_preica.fdt
sub-073,ses-premedita,restCE01,True,False,False,sub-073_ses-premedita_task-restCE01_eeg_preproc_preica.set,sub-073_ses-premedita_task-restCE01_eeg_preproc_preica.fdt
sub-073,ses-premedita,Medita,True,False,False,sub-073_ses-premedita_task-Medita_eeg_preproc_preica.set,sub-073_ses-premedita_task-Medita_eeg_preproc_preica.fdt
sub-073,ses-premedita,restCE02,True,False,False,sub-073_ses-premedita_task-restCE02_eeg_preproc_preica.set,sub-073_ses-premedita_task-restCE02_eeg_preproc_preica.fdt
sub-073,ses-premedita,slMedita,True,False,False,sub-073_ses-premedita_task-slMedita_eeg_preproc_preica.set,sub-073_ses-premedita_task-slMedita_eeg_preproc_preica.fdt
sub-074,ses-premedita,restCE01,True,False,False,sub-074_ses-premedita_task-restCE01_eeg_preproc_preica.set,sub-074_ses-premedita_task-restCE01_eeg_preproc_preica.fdt
sub-074,ses-premedita,Medita,True,False,False,sub-074_ses-premedita_task-Medita_eeg_preproc_preica.set,sub-074_ses-premedita_task-Medita_eeg_preproc_preica.fdt
sub-074,ses-premedita,restCE02,True,False,False,sub-074_ses-premedita_task-restCE02_eeg_preproc_preica.set,sub-074_ses-premedita_task-restCE02_eeg_preproc_preica.fdt
sub-074,ses-premedita,slMedita,True,False,False,sub-074_ses-premedita_task-slMedita_eeg_preproc_preica.set,sub-074_ses-premedita_task-slMedita_eeg_preproc_preica.fdt
sub-001,ses-posmedita,restCE01,True,True,True,sub-001_ses-posmedita_task-restCE01_eeg_preproc_preica.set,sub-001_ses-posmedita_task-restCE01_eeg_preproc_preica.fdt
sub-001,ses-posmedita,Medita,True,True,True,sub-001_ses-posmedita_task-Medita_eeg_preproc_preica.set,sub-001_ses-posmedita_task-Medita_eeg_preproc_preica.fdt
sub-001,ses-posmedita,restCE02,True,True,True,sub-001_ses-posmedita_task-restCE02_eeg_preproc_preica.set,sub-001_ses-posmedita_task-restCE02_eeg_preproc_preica.fdt
sub-001,ses-posmedita,slMedita,True,True,True,sub-001_ses-posmedita_task-slMedita_eeg_preproc_preica.set,sub-001_ses-posmedita_task-slMedita_eeg_preproc_preica.fdt
sub-002,ses-posmedita,restCE01,True,True,True,sub-002_ses-posmedita_task-restCE01_eeg_preproc_preica.set,sub-002_ses-posmedita_task-restCE01_eeg_preproc_preica.fdt
sub-002,ses-posmedita,Medita,True,True,True,sub-002_ses-posmedita_task-Medita_eeg_preproc_preica.set,sub-002_ses-posmedita_task-Medita_eeg_preproc_preica.fdt
sub-002,ses-posmedita,restCE02,True,True,True,sub-002_ses-posmedita_task-restCE02_eeg_preproc_preica.set,sub-002_ses-posmedita_task-restCE02_eeg_preproc_preica.fdt
sub-002,ses-posmedita,slMedita,True,True,True,sub-002_ses-posmedita_task-slMedita_eeg_preproc_preica.set,sub-002_ses-posmedita_task-slMedita_eeg_preproc_preica.fdt
sub-003,ses-posmedita,restCE01,True,True,True,sub-003_ses-posmedita_task-restCE01_eeg_preproc_preica.set,sub-003_ses-posmedita_task-restCE01_eeg_preproc_preica.fdt
sub-003,ses-posmedita,Medita,True,True,True,sub-003_ses-posmedita_task-Medita_eeg_preproc_preica.set,sub-003_ses-posmedita_task-Medita_eeg_preproc_preica.fdt
sub-003,ses-posmedita,restCE02,True,True,True,sub-003_ses-posmedita_task-restCE02_eeg_preproc_preica.set,sub-003_ses-posmedita_task-restCE02_eeg_preproc_preica.fdt
sub-003,ses-posmedita,slMedita,True,True,True,sub-003_ses-posmedita_task-slMedita_eeg_preproc_preica.set,sub-003_ses-posmedita_task-slMedita_eeg_preproc_preica.fdt
sub-004,ses-posmedita,restCE01,True,True,True,sub-004_ses-posmedita_task-restCE01_eeg_preproc_preica.set,sub-004_ses-posmedita_task-restCE01_eeg_preproc_preica.fdt
sub-004,ses-posmedita,Medita,True,True,True,sub-004_ses-posmedita_task-Medita_eeg_preproc_preica.set,sub-004_ses-posmedita_task-Medita_eeg_preproc_preica.fdt
sub-004,ses-posmedita,restCE02,True,True,True,sub-004_ses-posmedita_task-restCE02_eeg_preproc_preica.set,sub-004_ses-posmedita_task-restCE02_eeg_preproc_preica.fdt
sub-004,ses-posmedita,slMedita,True,True,True,sub-004_ses-posmedita_task-slMedita_eeg_preproc_preica.set,sub-004_ses-posmedita_task-slMedita_eeg_preproc_preica.fdt
sub-005,ses-posmedita,restCE01,True,True,True,sub-005_ses-posmedita_task-restCE01_eeg_preproc_preica.set,sub-005_ses-posmedita_task-restCE01_eeg_preproc_preica.fdt
sub-005,ses-posmedita,Medita,True,True,True,sub-005_ses-posmedita_task-Medita_eeg_preproc_preica.set,sub-005_ses-posmedita_task-Medita_eeg_preproc_preica.fdt
sub-005,ses-posmedita,restCE02,True,True,True,sub-005_ses-posmedita_task-restCE02_eeg_preproc_preica.set,sub-005_ses-posmedita_task-restCE02_eeg_preproc_preica.fdt
sub-005,ses-posmedita,slMedita,True,True,True,sub-005_ses-posmedita_task-slMedita_eeg_preproc_preica.set,sub-005_ses-posmedita_task-slMedita_eeg_preproc_preica.fdt
sub-006,ses-posmedita,restCE01,True,True,True,sub-006_ses-posmedita_task-restCE01_eeg_preproc_preica.set,sub-006_ses-posmedita_task-restCE01_eeg_preproc_preica.fdt
sub-006,ses-posmedita,Medita,True,True,True,sub-006_ses-posmedita_task-Medita_eeg_preproc_preica.set,sub-006_ses-posmedita_task-Medita_eeg_preproc_preica.fdt
sub-006,ses-posmedita,restCE02,True,True,True,sub-006_ses-posmedita_task-restCE02_eeg_preproc_preica.set,sub-006_ses-posmedita_task-restCE02_eeg_preproc_preica.fdt
sub-006,ses-posmedita,slMedita,True,True,True,sub-006_ses-posmedita_task-slMedita_eeg_preproc_preica.set,sub-006_ses-posmedita_task-slMedita_eeg_preproc_preica.fdt
sub-007,ses-posmedita,restCE01,True,True,True,sub-007_ses-posmedita_task-restCE01_eeg_preproc_preica.set,sub-007_ses-posmedita_task-restCE01_eeg_preproc_preica.fdt
sub-007,ses-posmedita,Medita,True,True,True,sub-007_ses-posmedita_task-Medita_eeg_preproc_preica.set,sub-007_ses-posmedita_task-Medita_eeg_preproc_preica.fdt
sub-007,ses-posmedita,restCE02,True,True,True,sub-007_ses-posmedita_task-restCE02_eeg_preproc_preica.set,sub-007_ses-posmedita_task-restCE02_eeg_preproc_preica.fdt
sub-007,ses-posmedita,slMedita,True,True,True,sub-007_ses-posmedita_task-slMedita_eeg_preproc_preica.set,sub-007_ses-posmedita_task-slMedita_eeg_preproc_preica.fdt
sub-008,ses-posmedita,restCE01,True,True,True,sub-008_ses-posmedita_task-restCE01_eeg_preproc_preica.set,sub-008_ses-posmedita_task-restCE01_eeg_preproc_preica.fdt
sub-008,ses-posmedita,Medita,True,True,True,sub-008_ses-posmedita_task-Medita_eeg_preproc_preica.set,sub-008_ses-posmedita_task-Medita_eeg_preproc_preica.fdt
sub-008,ses-posmedita,restCE02,True,True,True,sub-008_ses-posmedita_task-restCE02_eeg_preproc_preica.set,sub-008_ses-posmedita_task-restCE02_eeg_preproc_preica.fdt
sub-008,ses-posmedita,slMedita,True,True,True,sub-008_ses-posmedita_task-slMedita_eeg_preproc_preica.set,sub-008_ses-posmedita_task-slMedita_eeg_preproc_preica.fdt
sub-009,ses-posmedita,restCE01,True,True,True,sub-009_ses-posmedita_task-restCE01_eeg_preproc_preica.set,sub-009_ses-posmedita_task-restCE01_eeg_preproc_preica.fdt
sub-009,ses-posmedita,Medita,True,True,True,sub-009_ses-posmedita_task-Medita_eeg_preproc_preica.set,sub-009_ses-posmedita_task-Medita_eeg_preproc_preica.fdt
sub-009,ses-posmedita,restCE02,True,True,True,sub-009_ses-posmedita_task-restCE02_eeg_preproc_preica.set,sub-009_ses-posmedita_task-restCE02_eeg_preproc_preica.fdt
sub-009,ses-posmedita,slMedita,True,True,True,sub-009_ses-posmedita_task-slMedita_eeg_preproc_preica.set,sub-009_ses-posmedita_task-slMedita_eeg_preproc_preica.fdt
sub-010,ses-posmedita,restCE01,True,True,True,sub-010_ses-posmedita_task-restCE01_eeg_preproc_preica.set,sub-010_ses-posmedita_task-restCE01_eeg_preproc_preica.fdt
sub-010,ses-posmedita,Medita,True,True,True,sub-010_ses-posmedita_task-Medita_eeg_preproc_preica.set,sub-010_ses-posmedita_task-Medita_eeg_preproc_preica.fdt
sub-010,ses-posmedita,restCE02,True,True,True,sub-010_ses-posmedita_task-restCE02_eeg_preproc_preica.set,sub-010_ses-posmedita_task-restCE02_eeg_preproc_preica.fdt
sub-010,ses-posmedita,slMedita,True,True,True,sub-010_ses-posmedita_task-slMedita_eeg_preproc_preica.set,sub-010_ses-posmedita_task-slMedita_eeg_preproc_preica.fdt
sub-011,ses-posmedita,restCE01,True,True,True,sub-011_ses-posmedita_task-restCE01_eeg_preproc_preica.set,sub-011_ses-posmedita_task-restCE01_eeg_preproc_preica.fdt
sub-011,ses-posmedita,Medita,True,True,True,sub-011_ses-posmedita_task-Medita_eeg_preproc_preica.set,sub-011_ses-posmedita_task-Medita_eeg_preproc_preica.fdt
sub-011,ses-posmedita,restCE02,True,True,True,sub-011_ses-posmedita_task-restCE02_eeg_preproc_preica.set,sub-011_ses-posmedita_task-restCE02_eeg_preproc_preica.fdt
sub-011,ses-posmedita,slMedita,True,True,True,sub-011_ses-posmedita_task-slMedita_eeg_preproc_preica.set,sub-011_ses-posmedita_task-slMedita_eeg_preproc_preica.fdt
sub-012,ses-posmedita,restCE01,True,True,True,sub-012_ses-posmedita_task-restCE01_eeg_preproc_preica.set,sub-012_ses-posmedita_task-restCE01_eeg_preproc_preica.fdt
sub-012,ses-posmedita,Medita,True,True,True,sub-012_ses-posmedita_task-Medita_eeg_preproc_preica.set,sub-012_ses-posmedita_task-Medita_eeg_preproc_preica.fdt
sub-012,ses-posmedita,restCE02,True,True,True,sub-012_ses-posmedita_task-restCE02_eeg_preproc_preica.set,sub-012_ses-posmedita_task-restCE02_eeg_preproc_preica.fdt
sub-012,ses-posmedita,slMedita,True,True,True,sub-012_ses-posmedita_task-slMedita_eeg_preproc_preica.set,sub-012_ses-posmedita_task-slMedita_eeg_preproc_preica.fdt
sub-013,ses-posmedita,restCE01,True,True,True,sub-013_ses-posmedita_task-restCE01_eeg_preproc_preica.set,sub-013_ses-posmedita_task-restCE01_eeg_preproc_preica.fdt
sub-013,ses-posmedita,Medita,True,True,True,sub-013_ses-posmedita_task-Medita_eeg_preproc_preica.set,sub-013_ses-posmedita_task-Medita_eeg_preproc_preica.fdt
sub-013,ses-posmedita,restCE02,True,True,True,sub-013_ses-posmedita_task-restCE02_eeg_preproc_preica.set,sub-013_ses-posmedita_task-restCE02_eeg_preproc_preica.fdt
sub-013,ses-posmedita,slMedita,True,True,True,sub-013_ses-posmedita_task-slMedita_eeg_preproc_preica.set,sub-013_ses-posmedita_task-slMedita_eeg_preproc_preica.fdt
sub-014,ses-posmedita,restCE01,True,True,True,sub-014_ses-posmedita_task-restCE01_eeg_preproc_preica.set,sub-014_ses-posmedita_task-restCE01_eeg_preproc_preica.fdt
sub-014,ses-posmedita,Medita,True,True,True,sub-014_ses-posmedita_task-Medita_eeg_preproc_preica.set,sub-014_ses-posmedita_task-Medita_eeg_preproc_preica.fdt
sub-014,ses-posmedita,restCE02,True,True,True,sub-014_ses-posmedita_task-restCE02_eeg_preproc_preica.set,sub-014_ses-posmedita_task-restCE02_eeg_preproc_preica.fdt
sub-014,ses-posmedita,slMedita,True,True,True,sub-014_ses-posmedita_task-slMedita_eeg_preproc_preica.set,sub-014_ses-posmedita_task-slMedita_eeg_preproc_preica.fdt
sub-015,ses-posmedita,restCE01,True,True,True,sub-015_ses-posmedita_task-restCE01_eeg_preproc_preica.set,sub-015_ses-posmedita_task-restCE01_eeg_preproc_preica.fdt
sub-015,ses-posmedita,Medita,True,True,True,sub-015_ses-posmedita_task-Medita_eeg_preproc_preica.set,sub-015_ses-posmedita_task-Medita_eeg_preproc_preica.fdt
sub-015,ses-posmedita,restCE02,True,True,True,sub-015_ses-posmedita_task-restCE02_eeg_preproc_preica.set,sub-015_ses-posmedita_task-restCE02_eeg_preproc_preica.fdt
sub-015,ses-posmedita,slMedita,True,True,True,sub-015_ses-posmedita_task-slMedita_eeg_preproc_preica.set,sub-015_ses-posmedita_task-slMedita_eeg_preproc_preica.fdt
sub-016,ses-posmedita,restCE01,True,True,True,sub-016_ses-posmedita_task-restCE01_eeg_preproc_preica.set,sub-016_ses-posmedita_task-restCE01_eeg_preproc_preica.fdt
sub-016,ses-posmedita,Medita,True,True,True,sub-016_ses-posmedita_task-Medita_eeg_preproc_preica.set,sub-016_ses-posmedita_task-Medita_eeg_preproc_preica.fdt
sub-016,ses-posmedita,restCE02,True,True,True,sub-016_ses-posmedita_task-restCE02_eeg_preproc_preica.set,sub-016_ses-posmedita_task-restCE02_eeg_preproc_preica.fdt
sub-016,ses-posmedita,slMedita,True,True,True,sub-016_ses-posmedita_task-slMedita_eeg_preproc_preica.set,sub-016_ses-posmedita_task-slMedita_eeg_preproc_preica.fdt
sub-017,ses-posmedita,restCE01,True,True,True,sub-017_ses-posmedita_task-restCE01_eeg_preproc_preica.set,sub-017_ses-posmedita_task-restCE01_eeg_preproc_preica.fdt
sub-017,ses-posmedita,Medita,True,True,True,sub-017_ses-posmedita_task-Medita_eeg_preproc_preica.set,sub-017_ses-posmedita_task-Medita_eeg_preproc_preica.fdt
sub-017,ses-posmedita,restCE02,True,True,True,sub-017_ses-posmedita_task-restCE02_eeg_preproc_preica.set,sub-017_ses-posmedita_task-restCE02_eeg_preproc_preica.fdt
sub-017,ses-posmedita,slMedita,True,True,True,sub-017_ses-posmedita_task-slMedita_eeg_preproc_preica.set,sub-017_ses-posmedita_task-slMedita_eeg_preproc_preica.fdt
sub-018,ses-posmedita,restCE01,True,True,True,sub-018_ses-posmedita_task-restCE01_eeg_preproc_preica.set,sub-018_ses-posmedita_task-restCE01_eeg_preproc_preica.fdt
sub-018,ses-posmedita,Medita,True,True,True,sub-018_ses-posmedita_task-Medita_eeg_preproc_preica.set,sub-018_ses-posmedita_task-Medita_eeg_preproc_preica.fdt
sub-018,ses-posmedita,restCE02,True,True,True,sub-018_ses-posmedita_task-restCE02_eeg_preproc_preica.set,sub-018_ses-posmedita_task-restCE02_eeg_preproc_preica.fdt
sub-018,ses-posmedita,slMedita,True,True,True,sub-018_ses-posmedita_task-slMedita_eeg_preproc_preica.set,sub-018_ses-posmedita_task-slMedita_eeg_preproc_preica.fdt
sub-019,ses-posmedita,restCE01,True,True,True,sub-019_ses-posmedita_task-restCE01_eeg_preproc_preica.set,sub-019_ses-posmedita_task-restCE01_eeg_preproc_preica.fdt
sub-019,ses-posmedita,Medita,True,True,True,sub-019_ses-posmedita_task-Medita_eeg_preproc_preica.set,sub-019_ses-posmedita_task-Medita_eeg_preproc_preica.fdt
sub-019,ses-posmedita,restCE02,True,True,True,sub-019_ses-posmedita_task-restCE02_eeg_preproc_preica.set,sub-019_ses-posmedita_task-restCE02_eeg_preproc_preica.fdt
sub-019,ses-posmedita,slMedita,True,True,True,sub-019_ses-posmedita_task-slMedita_eeg_preproc_preica.set,sub-019_ses-posmedita_task-slMedita_eeg_preproc_preica.fdt
sub-020,ses-posmedita,restCE01,True,True,True,sub-020_ses-posmedita_task-restCE01_eeg_preproc_preica.set,sub-020_ses-posmedita_task-restCE01_eeg_preproc_preica.fdt
sub-020,ses-posmedita,Medita,True,True,True,sub-020_ses-posmedita_task-Medita_eeg_preproc_preica.set,sub-020_ses-posmedita_task-Medita_eeg_preproc_preica.fdt
sub-020,ses-posmedita,restCE02,True,True,True,sub-020_ses-posmedita_task-restCE02_eeg_preproc_preica.set,sub-020_ses-posmedita_task-restCE02_eeg_preproc_preica.fdt
sub-020,ses-posmedita,slMedita,True,True,True,sub-020_ses-posmedita_task-slMedita_eeg_preproc_preica.set,sub-020_ses-posmedita_task-slMedita_eeg_preproc_preica.fdt
sub-021,ses-posmedita,restCE01,True,True,True,sub-021_ses-posmedita_task-restCE01_eeg_preproc_preica.set,sub-021_ses-posmedita_task-restCE01_eeg_preproc_preica.fdt
sub-021,ses-posmedita,Medita,True,True,True,sub-021_ses-posmedita_task-Medita_eeg_preproc_preica.set,sub-021_ses-posmedita_task-Medita_eeg_preproc_preica.fdt
sub-021,ses-posmedita,restCE02,True,True,True,sub-021_ses-posmedita_task-restCE02_eeg_preproc_preica.set,sub-021_ses-posmedita_task-restCE02_eeg_preproc_preica.fdt
sub-021,ses-posmedita,slMedita,True,True,True,sub-021_ses-posmedita_task-slMedita_eeg_preproc_preica.set,sub-021_ses-posmedita_task-slMedita_eeg_preproc_preica.fdt
sub-022,ses-posmedita,restCE01,True,True,True,sub-022_ses-posmedita_task-restCE01_eeg_preproc_preica.set,sub-022_ses-posmedita_task-restCE01_eeg_preproc_preica.fdt
sub-022,ses-posmedita,Medita,True,True,True,sub-022_ses-posmedita_task-Medita_eeg_preproc_preica.set,sub-022_ses-posmedita_task-Medita_eeg_preproc_preica.fdt
sub-022,ses-posmedita,restCE02,True,True,True,sub-022_ses-posmedita_task-restCE02_eeg_preproc_preica.set,sub-022_ses-posmedita_task-restCE02_eeg_preproc_preica.fdt
sub-022,ses-posmedita,slMedita,True,True,True,sub-022_ses-posmedita_task-slMedita_eeg_preproc_preica.set,sub-022_ses-posmedita_task-slMedita_eeg_preproc_preica.fdt
sub-023,ses-posmedita,restCE01,True,True,True,sub-023_ses-posmedita_task-restCE01_eeg_preproc_preica.set,sub-023_ses-posmedita_task-restCE01_eeg_preproc_preica.fdt
sub-023,ses-posmedita,Medita,True,True,True,sub-023_ses-posmedita_task-Medita_eeg_preproc_preica.set,sub-023_ses-posmedita_task-Medita_eeg_preproc_preica.fdt
sub-023,ses-posmedita,restCE02,True,True,True,sub-023_ses-posmedita_task-restCE02_eeg_preproc_preica.set,sub-023_ses-posmedita_task-restCE02_eeg_preproc_preica.fdt
sub-023,ses-posmedita,slMedita,True,True,True,sub-023_ses-posmedita_task-slMedita_eeg_preproc_preica.set,sub-023_ses-posmedita_task-slMedita_eeg_preproc_preica.fdt
sub-024,ses-posmedita,restCE01,True,True,True,sub-024_ses-posmedita_task-restCE01_eeg_preproc_preica.set,sub-024_ses-posmedita_task-restCE01_eeg_preproc_preica.fdt
sub-024,ses-posmedita,Medita,True,True,True,sub-024_ses-posmedita_task-Medita_eeg_preproc_preica.set,sub-024_ses-posmedita_task-Medita_eeg_preproc_preica.fdt
sub-024,ses-posmedita,restCE02,True,True,True,sub-024_ses-posmedita_task-restCE02_eeg_preproc_preica.set,sub-024_ses-posmedita_task-restCE02_eeg_preproc_preica.fdt
sub-024,ses-posmedita,slMedita,True,True,True,sub-024_ses-posmedita_task-slMedita_eeg_preproc_preica.set,sub-024_ses-posmedita_task-slMedita_eeg_preproc_preica.fdt
sub-025,ses-posmedita,restCE01,True,True,True,sub-025_ses-posmedita_task-restCE01_eeg_preproc_preica.set,sub-025_ses-posmedita_task-restCE01_eeg_preproc_preica.fdt
sub-025,ses-posmedita,Medita,True,True,True,sub-025_ses-posmedita_task-Medita_eeg_preproc_preica.set,sub-025_ses-posmedita_task-Medita_eeg_preproc_preica.fdt
sub-025,ses-posmedita,restCE02,True,True,True,sub-025_ses-posmedita_task-restCE02_eeg_preproc_preica.set,sub-025_ses-posmedita_task-restCE02_eeg_preproc_preica.fdt
sub-025,ses-posmedita,slMedita,True,True,True,sub-025_ses-posmedita_task-slMedita_eeg_preproc_preica.set,sub-025_ses-posmedita_task-slMedita_eeg_preproc_preica.fdt
sub-026,ses-posmedita,restCE01,True,True,True,sub-026_ses-posmedita_task-restCE01_eeg_preproc_preica.set,sub-026_ses-posmedita_task-restCE01_eeg_preproc_preica.fdt
sub-026,ses-posmedita,Medita,True,True,True,sub-026_ses-posmedita_task-Medita_eeg_preproc_preica.set,sub-026_ses-posmedita_task-Medita_eeg_preproc_preica.fdt
sub-026,ses-posmedita,restCE02,True,True,True,sub-026_ses-posmedita_task-restCE02_eeg_preproc_preica.set,sub-026_ses-posmedita_task-restCE02_eeg_preproc_preica.fdt
sub-026,ses-posmedita,slMedita,True,True,True,sub-026_ses-posmedita_task-slMedita_eeg_preproc_preica.set,sub-026_ses-posmedita_task-slMedita_eeg_preproc_preica.fdt
sub-027,ses-posmedita,restCE01,True,True,True,sub-027_ses-posmedita_task-restCE01_eeg_preproc_preica.set,sub-027_ses-posmedita_task-restCE01_eeg_preproc_preica.fdt
sub-027,ses-posmedita,Medita,True,True,True,sub-027_ses-posmedita_task-Medita_eeg_preproc_preica.set,sub-027_ses-posmedita_task-Medita_eeg_preproc_preica.fdt
sub-027,ses-posmedita,restCE02,True,True,True,sub-027_ses-posmedita_task-restCE02_eeg_preproc_preica.set,sub-027_ses-posmedita_task-restCE02_eeg_preproc_preica.fdt
sub-027,ses-posmedita,slMedita,True,True,True,sub-027_ses-posmedita_task-slMedita_eeg_preproc_preica.set,sub-027_ses-posmedita_task-slMedita_eeg_preproc_preica.fdt
sub-028,ses-posmedita,restCE01,True,True,True,sub-028_ses-posmedita_task-restCE01_eeg_preproc_preica.set,sub-028_ses-posmedita_task-restCE01_eeg_preproc_preica.fdt
sub-028,ses-posmedita,Medita,True,True,True,sub-028_ses-posmedita_task-Medita_eeg_preproc_preica.set,sub-028_ses-posmedita_task-Medita_eeg_preproc_preica.fdt
sub-028,ses-posmedita,restCE02,True,True,True,sub-028_ses-posmedita_task-restCE02_eeg_preproc_preica.set,sub-028_ses-posmedita_task-restCE02_eeg_preproc_preica.fdt
sub-028,ses-posmedita,slMedita,True,True,True,sub-028_ses-posmedita_task-slMedita_eeg_preproc_preica.set,sub-028_ses-posmedita_task-slMedita_eeg_preproc_preica.fdt
sub-029,ses-posmedita,restCE01,True,True,True,sub-029_ses-posmedita_task-restCE01_eeg_preproc_preica.set,sub-029_ses-posmedita_task-restCE01_eeg_preproc_preica.fdt
sub-029,ses-posmedita,Medita,True,True,True,sub-029_ses-posmedita_task-Medita_eeg_preproc_preica.set,sub-029_ses-posmedita_task-Medita_eeg_preproc_preica.fdt
sub-029,ses-posmedita,restCE02,True,True,True,sub-029_ses-posmedita_task-restCE02_eeg_preproc_preica.set,sub-029_ses-posmedita_task-restCE02_eeg_preproc_preica.fdt
sub-029,ses-posmedita,slMedita,True,True,True,sub-029_ses-posmedita_task-slMedita_eeg_preproc_preica.set,sub-029_ses-posmedita_task-slMedita_eeg_preproc_preica.fdt
sub-030,ses-posmedita,restCE01,True,True,True,sub-030_ses-posmedita_task-restCE01_eeg_preproc_preica.set,sub-030_ses-posmedita_task-restCE01_eeg_preproc_preica.fdt
sub-030,ses-posmedita,Medita,True,True,True,sub-030_ses-posmedita_task-Medita_eeg_preproc_preica.set,sub-030_ses-posmedita_task-Medita_eeg_preproc_preica.fdt
sub-030,ses-posmedita,restCE02,True,True,True,sub-030_ses-posmedita_task-restCE02_eeg_preproc_preica.set,sub-030_ses-posmedita_task-restCE02_eeg_preproc_preica.fdt
sub-030,ses-posmedita,slMedita,True,True,True,sub-030_ses-posmedita_task-slMedita_eeg_preproc_preica.set,sub-030_ses-posmedita_task-slMedita_eeg_preproc_preica.fdt
sub-033,ses-posmedita,restCE01,True,False,False,sub-033_ses-posmedita_task-restCE01_eeg_preproc_preica.set,sub-033_ses-posmedita_task-restCE01_eeg_preproc_preica.fdt
sub-033,ses-posmedita,Medita,True,False,False,sub-033_ses-posmedita_task-Medita_eeg_preproc_preica.set,sub-033_ses-posmedita_task-Medita_eeg_preproc_preica.fdt
sub-033,ses-posmedita,restCE02,True,False,False,sub-033_ses-posmedita_task-restCE02_eeg_preproc_preica.set,sub-033_ses-posmedita_task-restCE02_eeg_preproc_preica.fdt
sub-033,ses-posmedita,slMedita,True,False,False,sub-033_ses-posmedita_task-slMedita_eeg_preproc_preica.set,sub-033_ses-posmedita_task-slMedita_eeg_preproc_preica.fdt
sub-034,ses-posmedita,restCE01,True,False,False,sub-034_ses-posmedita_task-restCE01_eeg_preproc_preica.set,sub-034_ses-posmedita_task-restCE01_eeg_preproc_preica.fdt
sub-034,ses-posmedita,Medita,True,False,False,sub-034_ses-posmedita_task-Medita_eeg_preproc_preica.set,sub-034_ses-posmedita_task-Medita_eeg_preproc_preica.fdt
sub-034,ses-posmedita,restCE02,True,False,False,sub-034_ses-posmedita_task-restCE02_eeg_preproc_preica.set,sub-034_ses-posmedita_task-restCE02_eeg_preproc_preica.fdt
sub-034,ses-posmedita,slMedita,True,False,False,sub-034_ses-posmedita_task-slMedita_eeg_preproc_preica.set,sub-034_ses-posmedita_task-slMedita_eeg_preproc_preica.fdt
sub-036,ses-posmedita,restCE01,True,False,False,sub-036_ses-posmedita_task-restCE01_eeg_preproc_preica.set,sub-036_ses-posmedita_task-restCE01_eeg_preproc_preica.fdt
sub-036,ses-posmedita,Medita,True,False,False,sub-036_ses-posmedita_task-Medita_eeg_preproc_preica.set,sub-036_ses-posmedita_task-Medita_eeg_preproc_preica.fdt
sub-036,ses-posmedita,restCE02,True,False,False,sub-036_ses-posmedita_task-restCE02_eeg_preproc_preica.set,sub-036_ses-posmedita_task-restCE02_eeg_preproc_preica.fdt
sub-036,ses-posmedita,slMedita,True,False,False,sub-036_ses-posmedita_task-slMedita_eeg_preproc_preica.set,sub-036_ses-posmedita_task-slMedita_eeg_preproc_preica.fdt
sub-038,ses-posmedita,restCE01,True,False,False,sub-038_ses-posmedita_task-restCE01_eeg_preproc_preica.set,sub-038_ses-posmedita_task-restCE01_eeg_preproc_preica.fdt
sub-038,ses-posmedita,Medita,True,False,False,sub-038_ses-posmedita_task-Medita_eeg_preproc_preica.set,sub-038_ses-posmedita_task-Medita_eeg_preproc_preica.fdt
sub-038,ses-posmedita,restCE02,True,False,False,sub-038_ses-posmedita_task-restCE02_eeg_preproc_preica.set,sub-038_ses-posmedita_task-restCE02_eeg_preproc_preica.fdt
sub-038,ses-posmedita,slMedita,True,False,False,sub-038_ses-posmedita_task-slMedita_eeg_preproc_preica.set,sub-038_ses-posmedita_task-slMedita_eeg_preproc_preica.fdt
sub-039,ses-posmedita,restCE01,True,False,False,sub-039_ses-posmedita_task-restCE01_eeg_preproc_preica.set,sub-039_ses-posmedita_task-restCE01_eeg_preproc_preica.fdt
sub-039,ses-posmedita,Medita,True,False,False,sub-039_ses-posmedita_task-Medita_eeg_preproc_preica.set,sub-039_ses-posmedita_task-Medita_eeg_preproc_preica.fdt
sub-039,ses-posmedita,restCE02,True,False,False,sub-039_ses-posmedita_task-restCE02_eeg_preproc_preica.set,sub-039_ses-posmedita_task-restCE02_eeg_preproc_preica.fdt
sub-039,ses-posmedita,slMedita,True,False,False,sub-039_ses-posmedita_task-slMedita_eeg_preproc_preica.set,sub-039_ses-posmedita_task-slMedita_eeg_preproc_preica.fdt
sub-040,ses-posmedita,restCE01,True,False,False,sub-040_ses-posmedita_task-restCE01_eeg_preproc_preica.set,sub-040_ses-posmedita_task-restCE01_eeg_preproc_preica.fdt
sub-040,ses-posmedita,Medita,True,False,False,sub-040_ses-posmedita_task-Medita_eeg_preproc_preica.set,sub-040_ses-posmedita_task-Medita_eeg_preproc_preica.fdt
sub-040,ses-posmedita,restCE02,True,False,False,sub-040_ses-posmedita_task-restCE02_eeg_preproc_preica.set,sub-040_ses-posmedita_task-restCE02_eeg_preproc_preica.fdt
sub-040,ses-posmedita,slMedita,True,False,False,sub-040_ses-posmedita_task-slMedita_eeg_preproc_preica.set,sub-040_ses-posmedita_task-slMedita_eeg_preproc_preica.fdt
sub-041,ses-posmedita,restCE01,True,False,False,sub-041_ses-posmedita_task-restCE01_eeg_preproc_preica.set,sub-041_ses-posmedita_task-restCE01_eeg_preproc_preica.fdt
sub-041,ses-posmedita,Medita,True,False,False,sub-041_ses-posmedita_task-Medita_eeg_preproc_preica.set,sub-041_ses-posmedita_task-Medita_eeg_preproc_preica.fdt
sub-041,ses-posmedita,restCE02,True,False,False,sub-041_ses-posmedita_task-restCE02_eeg_preproc_preica.set,sub-041_ses-posmedita_task-restCE02_eeg_preproc_preica.fdt
sub-041,ses-posmedita,slMedita,True,False,False,sub-041_ses-posmedita_task-slMedita_eeg_preproc_preica.set,sub-041_ses-posmedita_task-slMedita_eeg_preproc_preica.fdt
sub-043,ses-posmedita,restCE01,True,False,False,sub-043_ses-posmedita_task-restCE01_eeg_preproc_preica.set,sub-043_ses-posmedita_task-restCE01_eeg_preproc_preica.fdt
sub-043,ses-posmedita,Medita,True,False,False,sub-043_ses-posmedita_task-Medita_eeg_preproc_preica.set,sub-043_ses-posmedita_task-Medita_eeg_preproc_preica.fdt
sub-043,ses-posmedita,restCE02,True,False,False,sub-043_ses-posmedita_task-restCE02_eeg_preproc_preica.set,sub-043_ses-posmedita_task-restCE02_eeg_preproc_preica.fdt
sub-043,ses-posmedita,slMedita,True,False,False,sub-043_ses-posmedita_task-slMedita_eeg_preproc_preica.set,sub-043_ses-posmedita_task-slMedita_eeg_preproc_preica.fdt
sub-046,ses-posmedita,restCE01,True,False,False,sub-046_ses-posmedita_task-restCE01_eeg_preproc_preica.set,sub-046_ses-posmedita_task-restCE01_eeg_preproc_preica.fdt
sub-046,ses-posmedita,Medita,True,False,False,sub-046_ses-posmedita_task-Medita_eeg_preproc_preica.set,sub-046_ses-posmedita_task-Medita_eeg_preproc_preica.fdt
sub-046,ses-posmedita,restCE02,True,False,False,sub-046_ses-posmedita_task-restCE02_eeg_preproc_preica.set,sub-046_ses-posmedita_task-restCE02_eeg_preproc_preica.fdt
sub-046,ses-posmedita,slMedita,True,False,False,sub-046_ses-posmedita_task-slMedita_eeg_preproc_preica.set,sub-046_ses-posmedita_task-slMedita_eeg_preproc_preica.fdt
sub-047,ses-posmedita,restCE01,True,False,False,sub-047_ses-posmedita_task-restCE01_eeg_preproc_preica.set,sub-047_ses-posmedita_task-restCE01_eeg_preproc_preica.fdt
sub-047,ses-posmedita,Medita,True,False,False,sub-047_ses-posmedita_task-Medita_eeg_preproc_preica.set,sub-047_ses-posmedita_task-Medita_eeg_preproc_preica.fdt
sub-047,ses-posmedita,restCE02,True,False,False,sub-047_ses-posmedita_task-restCE02_eeg_preproc_preica.set,sub-047_ses-posmedita_task-restCE02_eeg_preproc_preica.fdt
sub-047,ses-posmedita,slMedita,True,False,False,sub-047_ses-posmedita_task-slMedita_eeg_preproc_preica.set,sub-047_ses-posmedita_task-slMedita_eeg_preproc_preica.fdt
sub-048,ses-posmedita,restCE01,True,False,False,sub-048_ses-posmedita_task-restCE01_eeg_preproc_preica.set,sub-048_ses-posmedita_task-restCE01_eeg_preproc_preica.fdt
sub-048,ses-posmedita,Medita,True,False,False,sub-048_ses-posmedita_task-Medita_eeg_preproc_preica.set,sub-048_ses-posmedita_task-Medita_eeg_preproc_preica.fdt
sub-048,ses-posmedita,restCE02,True,False,False,sub-048_ses-posmedita_task-restCE02_eeg_preproc_preica.set,sub-048_ses-posmedita_task-restCE02_eeg_preproc_preica.fdt
sub-048,ses-posmedita,slMedita,True,False,False,sub-048_ses-posmedita_task-slMedita_eeg_preproc_preica.set,sub-048_ses-posmedita_task-slMedita_eeg_preproc_preica.fdt
sub-049,ses-posmedita,restCE01,True,False,False,sub-049_ses-posmedita_task-restCE01_eeg_preproc_preica.set,sub-049_ses-posmedita_task-restCE01_eeg_preproc_preica.fdt
sub-049,ses-posmedita,Medita,True,False,False,sub-049_ses-posmedita_task-Medita_eeg_preproc_preica.set,sub-049_ses-posmedita_task-Medita_eeg_preproc_preica.fdt
sub-049,ses-posmedita,restCE02,True,False,False,sub-049_ses-posmedita_task-restCE02_eeg_preproc_preica.set,sub-049_ses-posmedita_task-restCE02_eeg_preproc_preica.fdt
sub-049,ses-posmedita,slMedita,True,False,False,sub-049_ses-posmedita_task-slMedita_eeg_preproc_preica.set,sub-049_ses-posmedita_task-slMedita_eeg_preproc_preica.fdt
sub-051,ses-posmedita,restCE01,True,False,False,sub-051_ses-posmedita_task-restCE01_eeg_preproc_preica.set,sub-051_ses-posmedita_task-restCE01_eeg_preproc_preica.fdt
sub-051,ses-posmedita,Medita,True,False,False,sub-051_ses-posmedita_task-Medita_eeg_preproc_preica.set,sub-051_ses-posmedita_task-Medita_eeg_preproc_preica.fdt
sub-051,ses-posmedita,restCE02,True,False,False,sub-051_ses-posmedita_task-restCE02_eeg_preproc_preica.set,sub-051_ses-posmedita_task-restCE02_eeg_preproc_preica.fdt
sub-051,ses-posmedita,slMedita,True,False,False,sub-051_ses-posmedita_task-slMedita_eeg_preproc_preica.set,sub-051_ses-posmedita_task-slMedita_eeg_preproc_preica.fdt
sub-053,ses-posmedita,restCE01,True,False,False,sub-053_ses-posmedita_task-restCE01_eeg_preproc_preica.set,sub-053_ses-posmedita_task-restCE01_eeg_preproc_preica.fdt
sub-053,ses-posmedita,Medita,True,False,False,sub-053_ses-posmedita_task-Medita_eeg_preproc_preica.set,sub-053_ses-posmedita_task-Medita_eeg_preproc_preica.fdt
sub-053,ses-posmedita,restCE02,True,False,False,sub-053_ses-posmedita_task-restCE02_eeg_preproc_preica.set,sub-053_ses-posmedita_task-restCE02_eeg_preproc_preica.fdt
sub-053,ses-posmedita,slMedita,True,False,False,sub-053_ses-posmedita_task-slMedita_eeg_preproc_preica.set,sub-053_ses-posmedita_task-slMedita_eeg_preproc_preica.fdt
